{
    "Mentiongift": false,
    "Mentionkick": false,
    "Respontag": "Nah kan ngetag lu",
    "Talkblacklist": {},
    "Talkdblacklist": false,
    "Talkwblacklist": false,
    "addadmin": false,
    "addbots": false,
    "addstaff": false,
    "admin": {},
    "autoAdd": true,
    "autoJoin": true,
    "autoLeave": false,
    "autoLeave1": false,
    "blacklist": {},
    "bots": {},
    "comment": "Like like & like by Samudra",
    "contact": false,
    "dblacklist": false,
    "delladmin": false,
    "dellbots": false,
    "dellstaff": false,
    "detectMention": false,
    "leave": "Good Bye, See You Next Time 😃",
    "limit": 1,
    "mention": "Ngintip tak colok",
    "message": "Terimakasih sudah add saya butuh bantuan pm bang samudra 😃",
    "owner": {},
    "selfbot": true,
    "staff": {},
    "sticker": false,
    "talkban": true,
    "unsend": true,
    "wblacklist": false,
    "welcome": "Selamat datang ",
    "welcomeOn": false
}